2019,02,11,08,00,09,15,3,Besprechungen / Sitzungen
2019,02,11,09,15,11,45,2,Divers
2019,02,11,13,00,15,00,1,Dokumentation
2019,02,11,15,00,17,15,3,Topologie
2019,02,11,17,30,18,05,3,Topologie
2019,02,11,19,00,20,45,3,Topologie
2019,02,11,20,45,21,10,3,Dokumentation
2019,02,12,08,45,10,45,2,Topologie
2019,02,12,10,45,11,30,1,Dokumentation
2019,02,12,12,30,14,50,1,Divers
2019,02,12,15,05,15,45,2,Mesh-Nodes
2019,02,12,15,45,16,30,2,Divers
2019,02,12,16,30,17,45,2,Besprechungen / Sitzungen
2019,02,12,17,45,18,15,3,KNX
2019,02,13,08,45,09,15,2,Divers
2019,02,13,09,15,12,00,2,KNX
2019,02,13,12,45,16,15,2,KNX
2019,02,13,17,40,17,55,3,KNX
2019,02,14,08,45,11,45,2,KNX
2019,02,14,12,50,17,15,2,KNX
2019,02,18,09,45,11,00,2,Besprechungen / Sitzungen
2019,02,18,14,15,17,00,2,Topologie
2019,02,18,17,30,18,00,3,KNX
2019,02,19,08,45,11,30,2,Divers
2019,02,19,12,40,13,55,1,Divers
2019,02,19,15,45,16,45,3,Besprechungen / Sitzungen
2019,02,19,16,45,17,15,2,Topologie
2019,02,20,08,45,10,00,3,Besprechungen / Sitzungen
2019,02,20,10,00,11,00,1,Divers
2019,02,20,14,15,17,15,1,Divers
2019,02,21,08,45,12,05,3,Divers
2019,02,21,13,10,13,30,3,Topologie
2019,02,21,13,30,16,00,2,Divers
2019,02,21,16,00,16,30,2,Topologie
2019,02,21,16,30,17,45,3,Besprechungen / Sitzungen
2019,02,22,13,45,16,10,2,Mesh-Nodes
2019,02,22,19,00,22,00,2,Topologie
2019,02,25,15,00,16,00,2,Low-Power
2019,02,26,08,50,11,05,2,Topologie
2019,03,04,09,50,11,00,2,Topologie
2019,03,04,14,05,17,00,2,Topologie
2019,03,05,08,40,10,55,2,Topologie
2019,03,05,15,50,17,45,2,Dokumentation
2019,03,06,08,40,10,00,3,Topologie
2019,03,06,10,00,11,00,2,Besprechungen / Sitzungen
2019,03,06,14,00,17,37,3,Topologie
2019,03,08,13,35,16,30,1,Mesh-Nodes
2019,03,09,12,00,13,15,2,Divers
2019,03,11,18,00,23,00,3,Topologie
2019,03,12,08,40,11,00,2,Topologie
2019,03,12,15,50,17,45,2,Topologie
2019,03,13,07,45,10,00,2,Dokumentation
2019,03,13,10,00,11,00,2,Besprechungen / Sitzungen
2019,03,16,15,00,18,10,2,Dokumentation
2019,03,17,14,00,16,15,2,Dokumentation
2019,03,18,09,45,11,15,2,KNX
2019,03,18,13,20,13,50,3,Dokumentation
2019,03,18,13,50,18,20,3,KNX
2019,03,19,07,45,11,00,2,KNX
2019,03,19,15,45,18,15,3,Topologie
2019,03,19,18,35,18,45,2,Topologie
2019,03,20,08,40,10,00,2,Topologie
2019,03,20,10,00,11,00,2,Besprechungen / Sitzungen
2019,03,20,13,45,17,20,2,Topologie
2019,03,20,17,30,18,40,3,Topologie
2019,03,20,19,45,20,50,2,Topologie
2019,03,21,07,45,10,00,2,Topologie
2019,03,21,10,00,11,20,2,Divers
2019,03,21,13,15,17,20,1,KNX
2019,03,22,13,00,17,40,2,KNX
2019,03,25,09,45,11,00,2,KNX
2019,03,25,13,40,16,15,1,KNX
2019,03,26,07,40,10,55,2,KNX
2019,03,26,16,30,17,15,2,KNX
2019,03,26,17,35,18,10,2,KNX
2019,03,27,07,45,10,00,2,KNX
2019,03,27,10,00,11,45,3,Besprechungen / Sitzungen
2019,03,28,07,45,11,00,2,Besprechungen / Sitzungen
2019,03,28,14,30,17,15,1,Dokumentation
2019,04,01,09,45,11,25,3,Dokumentation
2019,04,01,14,15,15,50,3,Dokumentation
2019,04,01,16,30,17,15,1,Dokumentation
2019,04,02,07,45,08,05,2,Dokumentation
2019,04,02,08,05,11,15,3,Mesh-Nodes
2019,04,02,12,05,13,55,2,Mesh-Nodes
2019,04,02,15,45,17,00,2,Dokumentation
2019,04,03,07,45,10,00,2,Mesh-Nodes
2019,04,03,10,00,11,15,2,Besprechungen / Sitzungen
2019,04,03,13,50,16,50,2,Mesh-Nodes
2019,04,04,07,50,10,20,2,Mesh-Nodes
2019,04,04,10,20,11,00,2,KNX
2019,04,04,11,00,11,45,1,Dokumentation
2019,04,08,09,40,11,20,2,Gateway
2019,04,08,14,15,17,20,2,Topologie
2019,04,09,07,45,11,15,2,Topologie
2019,04,10,07,45,10,00,2,Topologie
2019,04,10,10,00,11,20,2,Besprechungen / Sitzungen
2019,04,11,13,00,14,00,2,Gateway
2019,04,15,15,20,15,40,3,KNX
2019,04,15,15,40,17,20,3,Gateway
2019,04,16,08,35,12,00,2,Gateway
2019,04,16,15,45,17,20,2,Gateway
2019,04,17,08,35,11,00,2,KNX
2019,04,17,14,00,14,30,2,Mesh-Nodes
2019,04,18,09,00,09,30,1,Mesh-Nodes
2019,04,18,14,15,17,15,2,Mesh-Nodes
2019,04,21,10,30,11,40,2,Divers
2019,04,21,22,50,23,35,2,Divers
2019,04,22,08,15,10,30,2,Mesh-Nodes
2019,04,22,10,30,12,20,2,Divers
2019,04,22,13,00,17,15,2,Divers
2019,04,23,08,45,11,20,2,Mesh-Nodes
2019,04,23,14,50,18,20,2,Mesh-Nodes
2019,04,24,08,15,08,45,2,Divers
2019,04,24,09,10,10,00,2,Besprechungen / Sitzungen
2019,04,24,10,00,11,10,2,Besprechungen / Sitzungen
2019,04,25,08,45,10,25,3,KNX
2019,04,25,10,25,11,25,2,Mesh-Nodes
2019,04,25,13,30,15,15,2,Mesh-Nodes
2019,04,25,15,15,17,15,2,KNX
2019,04,26,13,00,13,35,2,Besprechungen / Sitzungen
2019,04,27,19,50,21,10,2,Mesh-Nodes
2019,04,28,17,20,21,05,3,Low-Power
2019,04,28,21,30,22,10,3,Mesh-Nodes
2019,04,29,09,50,11,10,2,Mesh-Nodes
2019,04,29,14,00,16,30,2,Mesh-Nodes
2019,04,29,16,30,17,15,1,Dokumentation
2019,04,30,07,45,09,00,3,Besprechungen / Sitzungen
2019,04,30,09,00,11,20,2,Dokumentation
2019,04,30,12,30,14,00,2,Dokumentation
2019,04,30,16,00,17,15,1,Dokumentation
2019,05,01,15,15,18,15,3,Dokumentation
2019,05,03,13,00,17,05,2,Mesh-Nodes
2019,05,06,09,45,11,20,2,Divers
2019,05,06,13,30,17,50,1,Divers
2019,05,07,08,45,11,20,2,Divers
2019,05,07,15,50,17,50,2,KNX
2019,05,08,07,45,10,00,2,Besprechungen / Sitzungen
2019,05,08,10,00,11,10,2,Besprechungen / Sitzungen
2019,05,09,15,00,15,45,2,KNX
2019,05,10,12,45,20,45,2,Tests
2019,05,12,17,00,18,30,3,Dokumentation
2019,05,12,19,30,21,30,3,Dokumentation
2019,05,12,07,45,11,00,2,Dokumentation
2019,05,12,15,55,17,45,2,Dokumentation
2019,05,15,07,45,10,00,2,Besprechungen / Sitzungen
2019,05,15,10,00,11,00,2,Besprechungen / Sitzungen
2019,05,15,14,00,17,20,2,Dokumentation
2019,05,16,07,45,11,00,2,Dokumentation
2019,05,16,13,00,17,20,2,Dokumentation
2019,05,17,13,30,16,00,2,Dokumentation
2019,05,19,16,50,18,30,2,Dokumentation
2019,05,20,07,45,11,10,2,Dokumentation
2019,05,20,15,00,17,20,2,Dokumentation
2019,05,21,07,45,11,00,2,Dokumentation
2019,05,21,16,00,17,20,2,Dokumentation
2019,05,27,07,45,11,20,2,Dokumentation
2019,05,27,12,40,17,50,2,Dokumentation
2019,05,27,18,00,18,30,2,Dokumentation
2019,05,28,06,55,07,30,2,Dokumentation
2019,05,28,07,45,11,20,2,Dokumentation
2019,05,28,12,30,13,10,2,Dokumentation
2019,05,28,13,10,14,30,3,Besprechungen / Sitzungen
2019,05,28,14,45,18,50,2,Dokumentation
2019,05,29,07,45,10,00,2,Dokumentation
2019,05,29,10,00,11,20,2,Besprechungen / Sitzungen
2019,05,29,12,00,16,45,2,Dokumentation
2019,05,30,09,15,11,20,2,Dokumentation
2019,05,30,12,10,16,45,2,Dokumentation
2019,05,31,09,15,12,20,2,Dokumentation
2019,05,31,13,40,16,50,2,Dokumentation
2019,06,02,10,00,12,00,2,Dokumentation
2019,06,02,13,30,16,00,2,Dokumentation
2019,06,02,18,00,19,00,2,Dokumentation
2019,06,03,07,45,11,40,2,Dokumentation
2019,06,03,12,45,18,50,2,Dokumentation
2019,06,04,08,00,12,00,2,Dokumentation
2019,06,04,13,00,17,00,2,Dokumentation
2019,06,05,08,00,12,00,2,Dokumentation
2019,06,05,13,00,17,00,2,Dokumentation
2019,06,06,08,00,12,00,2,Dokumentation
