2019,02,11,08,00,09,15,2,Besprechungen / Sitzungen
2019,02,11,09,15,11,45,2,Divers
2019,02,11,13,00,14,00,2,Dokumentation
2019,02,11,14,00,15,35,2,Divers
2019,02,12,10,30,11,10,3,Topologie
2019,02,12,11,10,12,05,2,Divers
2019,02,12,13,30,14,50,1,Divers
2019,02,12,15,05,16,30,2,Divers
2019,02,12,16,30,17,45,2,Besprechungen / Sitzungen
2019,02,12,17,45,18,30,2,Divers
2019,02,12,20,00,22,30,3,Divers
2019,02,13,08,15,11,45,2,Divers
2019,02,13,12,30,15,30,2,Divers
2019,02,14,09,50,11,45,2,Divers
2019,02,14,13,00,17,55,2,Divers
2019,02,14,20,30,21,20,3,Divers
2019,02,15,09,35,11,40,3,Divers
2019,02,15,20,55,21,45,3,Divers
2019,02,16,10,40,11,50,2,Divers
2019,02,16,16,30,18,40,3,Divers
2019,02,17,08,40,11,45,3,Divers
2019,02,18,10,00,10,40,2,Besprechungen / Sitzungen
2019,02,18,10,40,11,05,2,Divers
2019,02,18,14,30,17,50,2,Divers
2019,02,19,08,20,11,30,2,Divers
2019,02,19,12,40,13,50,2,Divers
2019,02,19,15,45,17,40,1,Divers
2019,02,20,09,00,10,50,2,Besprechungen / Sitzungen
2019,02,20,14,15,15,30,2,Besprechungen / Sitzungen
2019,02,20,15,45,17,15,2,Divers
2019,02,21,08,15,12,05,2,Divers
2019,02,21,13,30,15,00,1,Divers
2019,02,21,15,00,15,40,2,Divers
2019,02,21,15,40,16,30,2,Besprechungen / Sitzungen
2019,02,21,16,30,16,50,2,Divers
2019,02,21,16,50,17,15,3,Besprechungen / Sitzungen
2019,02,21,17,15,17,40,2,Divers
2019,02,22,13,45,16,10,2,Mesh-Nodes
2019,02,23,08,25,09,20,2,Dokumentation
2019,02,25,09,50,11,35,2,Divers
2019,02,25,13,45,14,30,2,Divers
2019,02,25,15,00,16,35,1,Divers
2019,02,26,08,20,09,45,1,Besprechungen / Sitzungen
2019,02,26,09,45,11,10,2,Gateway
2019,02,26,16,20,16,35,1,Gateway
2019,02,26,16,35,18,20,3,Gateway
2019,02,26,20,45,21,20,3,Gateway
2019,03,02,16,40,18,35,1,Divers
2019,03,03,10,20,10,55,2,Divers
2019,03,03,10,55,11,50,2,Divers
2019,03,03,13,45,14,35,2,Divers
2019,03,03,14,35,15,10,2,Divers
2019,03,03,16,40,18,05,2,Divers
2019,03,04,09,50,11,00,3,Divers
2019,03,04,14,05,17,45,2,Divers
2019,03,05,08,30,10,55,2,Tests
2019,03,05,15,50,17,35,2,Dokumentation
2019,03,05,17,35,17,50,3,Gateway
2019,03,06,08,15,10,00,1,Gateway
2019,03,06,10,00,10,50,3,Besprechungen / Sitzungen
2019,03,06,14,10,15,40,2,Divers
2019,03,06,15,40,16,40,1,Gateway
2019,03,06,16,40,17,40,3,Gateway
2019,03,07,08,30,09,00,2,Besprechungen / Sitzungen
2019,03,07,09,00,11,45,3,Divers
2019,03,07,12,45,13,30,1,Divers
2019,03,07,13,30,14,45,3,Divers
2019,03,07,14,55,16,15,1,Gateway
2019,03,07,16,15,18,00,3,Gateway
2019,03,07,21,00,22,35,2,Gateway
2019,03,08,13,45,16,30,1,Mesh-Nodes
2019,03,09,10,00,11,00,2,Gateway
2019,03,09,11,20,12,15,3,Gateway
2019,03,09,14,00,16,40,3,Gateway
2019,03,10,09,30,10,05,1,Gateway
2019,03,10,10,05,11,20,2,Gateway
2019,03,10,11,20,11,50,3,Gateway
2019,03,10,13,35,14,45,2,Gateway
2019,03,10,20,15,21,30,2,Gateway
2019,03,10,21,40,22,25,2,Gateway
2019,03,11,08,30,09,30,2,Gateway
2019,03,11,09,45,10,55,3,Gateway
2019,03,11,10,55,13,45,2,Gateway
2019,03,11,15,45,16,15,2,Gateway
2019,03,11,16,30,18,00,2,Gateway
2019,03,12,08,15,10,05,2,Gateway
2019,03,12,10,20,11,00,2,Gateway
2019,03,12,15,50,18,10,3,Gateway
2019,03,12,19,20,20,20,1,Gateway
2019,03,13,08,05,08,15,2,Gateway
2019,03,13,08,45,09,55,3,Gateway
2019,03,13,09,55,10,40,3,Besprechungen / Sitzungen
2019,03,14,08,00,11,20,2,Gateway
2019,03,14,13,40,14,45,2,Gateway
2019,03,14,14,45,15,05,2,Divers
2019,03,14,15,05,16,25,1,Dokumentation
2019,03,14,16,25,17,40,1,Dokumentation
2019,03,17,13,30,16,00,1,Dokumentation
2019,03,18,10,05,11,20,2,Dokumentation
2019,03,18,14,20,16,30,3,KNX
2019,03,19,08,05,08,20,1,Dokumentation
2019,03,19,08,35,09,55,2,Dokumentation
2019,03,19,10,05,11,05,2,Besprechungen / Sitzungen
2019,03,19,15,45,18,30,3,Topologie
2019,03,20,09,10,09,55,2,Topologie
2019,03,20,09,55,11,10,2,Besprechungen / Sitzungen
2019,03,20,14,10,16,30,3,Mesh-Nodes
2019,03,20,16,30,17,05,2,Topologie
2019,03,20,17,05,17,30,2,Mesh-Nodes
2019,03,21,08,15,08,45,2,Dokumentation
2019,03,21,08,45,09,55,2,Mesh-Nodes
2019,03,21,10,15,11,20,2,Mesh-Nodes
2019,03,21,13,30,19,00,3,Mesh-Nodes
2019,03,22,13,40,15,10,3,Mesh-Nodes
2019,03,23,09,40,12,45,2,Gateway
2019,03,23,14,10,15,55,2,Gateway
2019,03,24,10,45,11,55,2,Gateway
2019,03,24,16,45,18,30,1,Gateway
2019,03,24,19,30,20,10,2,Gateway
2019,03,25,10,30,11,05,2,Gateway
2019,03,25,14,25,15,35,2,Gateway
2019,03,25,16,05,17,40,2,Gateway
2019,03,26,09,00,10,30,2,Gateway
2019,03,26,10,30,11,10,1,Gateway
2019,03,26,16,30,18,00,3,Gateway
2019,03,26,21,10,23,05,2,Gateway
2019,03,27,08,10,08,50,2,Besprechungen / Sitzungen
2019,03,27,09,00,09,55,1,Gateway
2019,03,27,09,55,10,40,2,Besprechungen / Sitzungen
2019,03,28,09,20,10,45,2,Besprechungen / Sitzungen
2019,03,28,10,45,11,00,2,Gateway
2019,03,28,12,45,16,15,3,Gateway
2019,03,28,16,15,17,10,1,Gateway
2019,03,28,19,40,20,30,2,Gateway
2019,04,01,10,00,11,25,2,Gateway
2019,04,01,16,45,17,55,2,Gateway
2019,04,01,19,45,21,00,2,Gateway
2019,04,02,20,15,22,40,2,Gateway
2019,04,03,09,55,11,10,2,Besprechungen / Sitzungen
2019,04,03,15,05,15,45,2,Dokumentation
2019,04,03,20,35,23,00,3,Gateway
2019,04,04,09,30,10,30,2,Gateway
2019,04,04,10,30,11,30,1,Gateway
2019,04,04,11,30,12,20,2,Gateway
2019,04,04,13,30,15,40,3,Gateway
2019,04,04,15,50,16,05,2,Mesh-Nodes
2019,04,05,21,45,00,15,2,Gateway
2019,04,06,10,45,12,05,2,Gateway
2019,04,06,13,45,16,25,2,Gateway
2019,04,06,17,50,18,40,2,Gateway
2019,04,07,13,30,16,20,2,Gateway
2019,04,07,20,40,22,45,2,Gateway
2019,04,08,09,40,11,20,1,Gateway
2019,04,08,14,00,16,00,2,Gateway
2019,04,08,16,30,17,40,2,Gateway
2019,04,09,08,20,09,20,2,Gateway
2019,04,09,09,20,11,10,3,Gateway
2019,04,09,15,40,16,10,2,Gateway
2019,04,11,08,10,09,15,2,Gateway
2019,04,11,09,45,10,20,1,Gateway
2019,04,11,10,20,11,10,2,Gateway
2019,04,11,12,50,14,20,2,Gateway
2019,04,11,14,20,16,50,3,Gateway
2019,04,11,16,50,17,35,2,Gateway
2019,04,13,14,00,16,40,2,Gateway
2019,04,13,16,50,18,05,1,Gateway
2019,04,13,19,00,19,45,2,Gateway
2019,04,15,15,20,15,40,2,KNX
2019,04,15,15,50,17,30,3,Gateway
2019,04,15,20,55,22,20,2,Dokumentation
2019,04,16,08,25,08,35,2,Dokumentation
2019,04,16,08,35,09,40,2,Gateway
2019,04,16,10,15,11,15,2,Gateway
2019,04,16,12,45,13,15,2,Gateway
2019,04,16,16,20,18,05,3,Gateway
2019,04,17,08,25,09,10,2,Gateway
2019,04,17,09,10,10,00,1,Gateway
2019,04,17,10,00,11,15,2,Gateway
2019,04,18,09,10,10,20,2,Gateway
2019,04,18,10,20,12,05,3,Gateway
2019,04,18,13,30,15,00,2,Gateway
2019,04,18,15,30,17,15,2,Gateway
2019,04,19,08,10,09,50,2,Gateway
2019,04,19,09,50,11,40,2,Topologie
2019,04,19,11,50,13,05,3,Topologie
2019,04,19,13,50,15,35,3,Gateway
2019,04,20,09,30,10,40,2,Gateway
2019,04,20,10,40,13,40,3,Gateway
2019,04,20,13,40,14,05,2,Gateway
2019,04,22,09,00,09,30,2,Gateway
2019,04,22,09,30,12,00,2,Mesh-Nodes
2019,04,22,13,30,14,30,2,Gateway
2019,04,22,14,30,15,45,2,Mesh-Nodes
2019,04,22,15,45,18,20,2,Gateway
2019,04,22,19,50,20,30,2,Gateway
2019,04,22,22,30,23,00,2,Gateway
2019,04,23,08,15,11,15,2,Gateway
2019,04,23,14,00,14,45,2,Gateway
2019,04,23,15,45,16,20,2,Gateway
2019,04,23,16,20,17,25,2,Mesh-Nodes
2019,04,23,17,25,18,35,1,Gateway
2019,04,24,09,10,09,55,2,Besprechungen / Sitzungen
2019,04,24,09,55,11,10,2,Besprechungen / Sitzungen
2019,04,25,08,25,10,25,2,Gateway
2019,04,25,10,25,11,25,3,Mesh-Nodes
2019,04,25,13,20,16,35,2,Mesh-Nodes
2019,04,25,17,20,18,00,2,Gateway
2019,04,28,10,30,12,00,2,Gateway
2019,04,28,14,00,15,20,2,Gateway
2019,04,28,15,40,17,30,2,Gateway
2019,04,29,14,10,17,30,2,Gateway
2019,04,30,08,20,08,35,2,Gateway
2019,04,30,08,35,09,40,2,Gateway
2019,04,30,09,40,11,30,2,Dokumentation
2019,04,30,12,55,14,00,2,Dokumentation
2019,04,30,16,30,18,50,2,Dokumentation
2019,05,01,10,00,12,10,2,Dokumentation
2019,05,01,13,15,15,20,1,Dokumentation
2019,05,01,15,20,15,50,2,Dokumentation
2019,05,01,16,15,17,15,3,Dokumentation
2019,05,02,10,35,11,20,1,Dokumentation
2019,05,02,14,20,14,50,1,Dokumentation
2019,05,02,14,50,16,30,2,Dokumentation
2019,05,02,16,30,17,50,3,Dokumentation
2019,05,02,17,50,18,15,2,Dokumentation
2019,05,02,21,10,22,20,2,Dokumentation
2019,05,02,23,20,00,00,3,Divers
2019,05,03,00,00,00,30,2,Divers
2019,05,03,08,15,09,15,2,Divers
2019,05,03,14,00,16,05,2,Mesh-Nodes
2019,05,03,16,05,16,50,2,Divers
2019,05,04,09,15,11,00,2,Dokumentation
2019,05,04,12,00,12,30,2,Dokumentation
2019,05,04,15,10,17,05,2,Dokumentation
2019,05,04,20,05,21,50,2,Dokumentation
2019,05,04,21,50,23,10,3,Dokumentation
2019,05,05,10,00,11,45,2,Dokumentation
2019,05,05,13,40,13,55,2,Dokumentation
2019,05,06,15,45,18,55,2,Tests
2019,05,06,20,45,21,40,2,Dokumentation
2019,05,07,08,05,10,15,2,Divers
2019,05,07,10,15,11,15,2,Tests
2019,05,07,16,05,18,40,2,Tests
2019,05,07,20,30,21,10,2,Dokumentation
2019,05,07,21,10,22,00,1,Dokumentation
2019,05,07,22,00,22,30,2,Dokumentation
2019,05,08,08,40,09,10,2,Besprechungen / Sitzungen
2019,05,08,09,10,09,55,1,Tests
2019,05,08,09,55,11,00,2,Besprechungen / Sitzungen
2019,05,09,08,20,09,45,1,Besprechungen / Sitzungen
2019,05,09,09,45,10,30,2,Tests
2019,05,09,10,30,11,50,3,Tests
2019,05,09,12,45,14,40,3,Tests
2019,05,09,15,40,16,00,2,Tests
2019,05,09,17,00,18,15,2,Tests
2019,05,09,19,30,21,25,2,Tests
2019,05,09,21,25,23,15,3,Tests
2019,05,10,12,35,13,30,2,Tests
2019,05,10,13,45,20,30,2,Tests
2019,05,11,09,45,10,30,2,Tests
2019,05,11,12,05,12,20,1,Tests
2019,05,11,15,15,15,40,2,Tests
2019,05,11,20,25,21,10,2,Tests
2019,05,11,21,10,23,30,3,Tests
2019,05,12,10,30,12,50,2,Dokumentation
2019,05,12,13,20,15,30,2,Dokumentation
2019,05,12,15,45,17,20,2,Dokumentation
2019,05,12,20,30,21,05,2,Dokumentation
2019,05,13,15,40,16,30,2,Dokumentation
2019,05,13,16,30,17,10,2,Besprechungen / Sitzungen
2019,05,13,20,15,00,00,2,Tests
2019,05,14,00,00,01,15,2,Tests
2019,05,14,09,45,11,10,1,Tests
2019,05,14,16,05,17,40,2,Dokumentation
2019,05,14,21,20,23,10,3,Dokumentation
2019,05,15,08,15,09,55,3,Tests
2019,05,15,09,55,11,11,2,Besprechungen / Sitzungen
2019,05,15,14,15,16,30,2,Dokumentation
2019,05,15,16,30,17,20,1,Dokumentation
2019,05,16,09,30,11,00,2,Dokumentation
2019,05,16,13,50,14,50,2,Dokumentation
2019,05,16,14,50,15,20,1,Dokumentation
2019,05,16,15,20,17,20,1,Dokumentation
2019,05,16,20,40,21,00,2,Dokumentation
2019,05,16,21,00,23,30,3,Dokumentation
2019,05,17,08,35,09,30,3,Dokumentation
2019,05,17,13,00,15,45,2,Dokumentation
2019,05,18,14,45,16,25,2,Dokumentation
2019,05,19,10,35,11,45,2,Dokumentation
2019,05,19,13,55,15,30,1,Dokumentation
2019,05,20,08,45,11,20,2,Dokumentation
2019,05,20,12,40,13,55,2,Dokumentation
2019,05,20,14,45,18,15,2,Dokumentation
2019,05,21,09,20,11,10,2,Dokumentation
2019,05,21,15,30,17,40,2,Dokumentation
2019,05,26,15,50,17,00,2,Dokumentation
2019,05,26,21,10,22,20,2,Dokumentation
2019,05,27,08,45,09,30,2,Dokumentation
2019,05,27,09,50,11,25,1,Dokumentation
2019,05,27,12,55,15,15,2,Dokumentation
2019,05,27,15,30,18,05,2,Dokumentation
2019,05,27,22,45,23,35,3,Dokumentation
2019,05,28,11,30,12,10,2,Dokumentation
2019,05,28,12,50,13,10,2,Dokumentation
2019,05,28,13,10,14,30,3,Besprechungen / Sitzungen
2019,05,28,15,10,19,05,2,Dokumentation
2019,05,28,21,45,22,40,2,Dokumentation
2019,05,29,08,25,09,55,2,Dokumentation
2019,05,29,09,55,11,35,2,Besprechungen / Sitzungen
2019,05,29,13,15,15,45,2,Dokumentation
2019,05,29,16,00,18,20,3,Dokumentation
2019,05,29,20,20,22,55,2,Dokumentation
2019,05,30,08,15,09,30,2,Dokumentation
2019,05,30,09,45,11,55,2,Dokumentation
2019,05,30,12,55,14,40,2,Dokumentation
2019,05,30,14,55,17,55,3,Dokumentation
2019,05,30,20,15,21,30,2,Dokumentation
2019,05,30,21,45,23,20,2,Dokumentation
2019,05,31,09,10,12,05,2,Dokumentation
2019,05,31,14,00,15,50,2,Dokumentation
2019,05,31,16,15,17,25,2,Dokumentation
2019,06,01,09,55,10,55,2,Dokumentation
2019,06,01,10,55,12,20,3,Dokumentation
2019,06,01,12,20,12,45,2,Dokumentation
2019,06,01,18,25,19,30,2,Dokumentation
2019,06,02,10,00,11,45,3,Dokumentation
2019,06,02,15,30,16,20,1,Dokumentation
2019,06,02,16,20,17,30,2,Dokumentation
2019,06,02,17,40,18,45,3,Dokumentation
2019,06,02,21,40,23,15,2,Dokumentation
2019,06,03,08,30,10,35,2,Dokumentation
2019,06,03,10,45,11,40,3,Dokumentation
2019,06,03,12,40,16,30,2,Dokumentation
2019,06,03,16,45,19,00,2,Dokumentation
2019,06,03,21,00,22,30,2,Dokumentation
2019,06,04,08,00,12,00,2,Dokumentation
2019,06,04,13,00,17,00,2,Dokumentation
2019,06,05,08,00,12,00,2,Dokumentation
2019,06,05,13,00,17,00,2,Dokumentation
2019,06,06,08,00,12,00,2,Dokumentation
2019,06,06,08,00,12,00,2,Dokumentation
2019,06,05,08,00,12,00,2,Dokumentation
2019,06,05,13,00,17,00,2,Dokumentation
2019,06,04,08,00,12,00,2,Dokumentation
2019,06,04,13,00,17,00,2,Dokumentation
2019,06,03,07,25,07,50,2,Dokumentation
2019,06,03,08,00,11,55,2,Dokumentation
2019,06,03,12,20,16,00,2,Dokumentation
2019,06,03,16,20,18,30,2,Dokumentation
2019,06,03,18,40,19,10,2,Dokumentation
2019,06,03,19,45,20,00,2,Dokumentation
2019,06,02,08,00,11,35,2,Dokumentation
2019,06,02,21,00,22,00,2,Dokumentation
2019,06,01,15,45,16,00,2,Dokumentation
2019,06,01,16,30,16,50,2,Dokumentation
2019,06,01,17,00,18,05,2,Dokumentation
2019,06,01,19,25,20,00,2,Dokumentation
2019,06,01,20,55,23,05,2,Dokumentation
2019,06,01,23,15,24,00,2,Dokumentation
2019,05,31,07,20,07,50,2,Dokumentation
2019,05,31,08,00,12,10,2,Dokumentation
2019,05,31,12,50,15,40,2,Dokumentation
2019,05,31,16,10,17,30,2,Dokumentation
2019,05,31,17,40,18,10,2,Dokumentation
2019,05,31,20,10,20,25,2,Dokumentation
2019,05,30,07,25,07,50,2,Dokumentation
2019,05,30,08,00,12,00,2,Dokumentation
2019,05,30,12,35,16,45,2,Dokumentation
2019,05,30,16,55,18,00,2,Dokumentation
2019,05,30,18,00,18,45,3,Dokumentation
2019,05,30,18,45,19,00,2,Dokumentation
2019,05,30,19,10,19,35,2,Dokumentation
2019,05,30,20,05,23,20,2,Dokumentation
2019,05,29,09,00,10,00,2,Dokumentation
2019,05,29,10,00,11,35,2,Dokumentation
2019,05,29,14,30,15,00,2,Dokumentation
2019,05,29,15,20,15,40,2,Besprechungen / Sitzungen
2019,05,29,15,45,16,30,2,Dokumentation
2019,05,29,17,45,18,35,2,Dokumentation
2019,05,28,07,55,08,10,2,Dokumentation
2019,05,28,09,05,09,25,2,Dokumentation
2019,05,28,09,35,11,40,2,Dokumentation
2019,05,28,12,30,13,10,2,Dokumentation
2019,05,28,13,10,14,30,2,Besprechungen / Sitzungen
2019,05,28,14,45,16,50,2,Dokumentation
2019,05,27,08,00,08,15,2,Dokumentation
2019,05,27,08,20,11,30,2,Dokumentation
2019,05,27,12,30,12,45,2,Dokumentation
2019,05,27,12,45,13,10,2,Besprechungen / Sitzungen
2019,05,27,13,10,15,50,3,Dokumentation
2019,05,27,16,10,18,00,2,Dokumentation
2019,05,27,18,10,18,35,2,Dokumentation
2019,05,27,18,45,19,05,2,Dokumentation
2019,05,27,21,05,21,35,2,Dokumentation
2019,05,26,18,00,18,55,2,Dokumentation
2019,05,26,22,05,22,45,2,Dokumentation
2019,05,25,22,00,22,30,2,Dokumentation
2019,05,21,08,00,11,20,2,Dokumentation
2019,05,21,11,40,11,50,2,Dokumentation
2019,05,21,13,55,15,35,2,Dokumentation
2019,05,21,15,45,17,30,2,Dokumentation
2019,05,21,17,40,18,05,2,Dokumentation
2019,05,21,18,15,18,30,2,Dokumentation
2019,05,20,07,30,07,50,2,Dokumentation
2019,05,20,08,25,09,30,2,Dokumentation
2019,05,20,09,40,11,55,2,Dokumentation
2019,05,20,14,20,17,30,2,Dokumentation
2019,05,19,18,30,18,45,2,Dokumentation
2019,05,19,19,35,20,40,2,Dokumentation
2019,05,19,21,10,21,30,2,Dokumentation
2019,05,18,09,25,10,30,2,Dokumentation
2019,05,18,11,35,12,20,2,Dokumentation
2019,05,18,15,30,15,45,2,Dokumentation
2019,05,17,07,55,08,15,2,Dokumentation
2019,05,17,08,35,09,40,2,Dokumentation
2019,05,17,11,00,11,15,2,Mesh-Nodes
2019,05,17,13,30,15,00,2,Dokumentation
2019,05,17,15,00,15,30,2,Mesh-Nodes
2019,05,17,15,30,17,00,2,Dokumentation
2019,05,17,17,15,17,40,2,Dokumentation
2019,05,16,07,00,07,25,2,Dokumentation
2019,05,16,07,55,08,15,2,Dokumentation
2019,05,16,08,30,09,30,2,Dokumentation
2019,05,16,09,30,10,00,2,Tests
2019,05,16,10,00,11,25,2,Dokumentation
2019,05,16,12,45,13,00,1,Dokumentation
2019,05,16,13,00,16,30,2,Dokumentation
2019,05,16,20,10,20,30,2,Dokumentation
2019,05,15,07,25,07,50,2,Dokumentation
2019,05,15,08,00,08,30,2,Dokumentation
2019,05,15,08,30,09,45,2,Tests
2019,05,15,09,45,10,00,2,Dokumentation
2019,05,15,10,00,11,00,2,Besprechungen / Sitzungen
2019,05,15,13,00,13,30,2,Dokumentation
2019,05,15,14,00,16,00,2,Mesh-Nodes
2019,05,15,16,00,17,00,2,Mesh-Nodes
2019,05,15,17,00,17,30,2,Dokumentation
2019,05,15,17,40,18,10,2,Dokumentation
2019,05,14,08,25,09,00,2,Dokumentation
2019,05,14,09,00,11,20,2,Tests
2019,05,14,15,55,16,30,2,Mesh-Nodes
2019,05,14,16,45,17,40,2,Besprechungen / Sitzungen
2019,05,14,17,40,19,00,2,Low-Power
2019,05,14,19,10,19,35,2,Dokumentation
2019,05,13,07,25,07,45,2,Dokumentation
2019,05,13,09,00,09,10,2,Dokumentation
2019,05,13,11,50,12,10,2,Dokumentation
2019,05,13,16,20,17,10,2,Besprechungen / Sitzungen
2019,05,13,17,40,17,55,2,Dokumentation
2019,05,13,19,20,19,50,2,Dokumentation
2019,05,12,14,00,15,15,2,Dokumentation
2019,05,12,16,05,18,00,2,Dokumentation
2019,05,12,21,10,21,40,2,Dokumentation
2019,05,11,07,05,07,15,2,Low-Power
2019,05,11,08,35,10,00,3,Dokumentation
2019,05,11,10,00,10,30,2,Dokumentation
2019,05,11,13,00,13,45,2,Dokumentation
2019,05,11,15,45,16,30,2,Dokumentation
2019,05,11,16,35,17,50,2,Dokumentation
2019,05,10,07,30,07,50,2,Mesh-Nodes
2019,05,10,12,40,13,00,2,Mesh-Nodes
2019,05,10,13,00,14,00,2,Mesh-Nodes
2019,05,10,14,00,14,45,2,Mesh-Nodes
2019,05,10,14,45,15,00,2,Mesh-Nodes
2019,05,10,15,00,16,30,2,Tests
2019,05,10,16,30,20,30,2,Tests
2019,05,10,20,35,21,05,2,Dokumentation
2019,05,09,18,15,18,25,2,Mesh-Nodes
2019,05,08,07,25,07,45,2,Dokumentation
2019,05,08,08,20,09,00,2,Besprechungen / Sitzungen
2019,05,08,09,00,09,15,2,Dokumentation
2019,05,08,09,15,10,00,2,Mesh-Nodes
2019,05,08,10,00,11,10,2,Besprechungen / Sitzungen
2019,05,08,15,00,16,00,2,Mesh-Nodes
2019,05,08,18,10,19,00,2,Mesh-Nodes
2019,05,08,19,00,19,20,2,Low-Power
2019,05,07,08,00,09,50,2,Tests
2019,05,07,09,50,10,20,2,Dokumentation
2019,05,07,11,00,11,25,2,Tests
2019,05,07,14,30,14,50,2,Dokumentation
2019,05,07,16,00,16,10,2,KNX
2019,05,07,16,10,17,00,2,Tests
2019,05,07,17,00,17,45,2,Topologie
2019,05,07,17,45,18,20,2,Dokumentation
2019,05,07,18,40,19,05,2,Mesh-Nodes
2019,05,07,21,10,22,15,2,Mesh-Nodes
2019,05,06,07,25,07,45,2,Dokumentation
2019,05,06,09,25,09,35,2,Dokumentation
2019,05,06,10,10,11,20,2,Mesh-Nodes
2019,05,06,13,00,16,00,2,Mesh-Nodes
2019,05,06,16,00,17,00,3,Mesh-Nodes
2019,05,06,17,00,18,00,2,Mesh-Nodes
2019,05,06,18,00,18,30,2,Mesh-Nodes
2019,05,06,18,50,18,55,2,Mesh-Nodes
2019,05,06,18,55,19,10,2,Dokumentation
2019,05,05,08,45,09,15,2,Dokumentation
2019,05,05,09,15,09,40,2,Mesh-Nodes
2019,05,05,09,40,09,55,2,Mesh-Nodes
2019,05,05,09,55,10,30,2,Dokumentation
2019,05,05,10,50,11,30,2,Dokumentation
2019,05,05,19,50,21,35,2,Dokumentation
2019,05,04,16,25,17,00,2,Mesh-Nodes
2019,05,04,17,00,17,15,2,Low-Power
2019,05,04,17,15,17,45,1,Dokumentation
2019,05,04,17,50,17,55,2,Besprechungen / Sitzungen
2019,05,04,21,10,22,15,2,Dokumentation
2019,05,03,08,00,08,20,2,Dokumentation
2019,05,03,12,20,16,05,2,Mesh-Nodes
2019,05,03,16,05,16,15,2,Mesh-Nodes
2019,05,02,07,10,07,20,2,Mesh-Nodes
2019,05,02,07,20,08,05,2,Dokumentation
2019,05,02,09,55,10,15,2,Dokumentation
2019,05,01,07,30,07,50,2,Dokumentation
2019,05,01,08,00,10,30,2,Tests
2019,05,01,10,30,11,30,2,Dokumentation
2019,05,01,11,30,12,10,2,Low-Power
2019,05,01,13,10,13,35,2,Low-Power
2019,05,01,13,35,13,45,2,Dokumentation
2019,05,01,13,45,13,55,2,Mesh-Nodes
2019,05,01,13,55,15,45,2,Dokumentation
2019,05,01,16,15,18,30,2,Dokumentation
2019,04,30,07,25,07,50,2,Dokumentation
2019,04,30,08,00,08,55,2,Besprechungen / Sitzungen
2019,04,30,08,55,12,05,2,Tests
2019,04,30,12,25,13,55,2,Tests
2019,04,30,14,10,15,15,2,Dokumentation
2019,04,30,16,00,17,00,2,Tests
2019,04,30,17,00,18,00,2,Mesh-Nodes
2019,04,30,18,25,18,40,2,Dokumentation
2019,04,29,07,25,07,45,2,Dokumentation
2019,04,29,09,00,09,25,2,Dokumentation
2019,04,29,09,50,10,10,2,Low-Power
2019,04,29,10,20,11,10,2,Low-Power
2019,04,29,14,30,14,40,2,Dokumentation
2019,04,29,14,40,17,30,2,Tests
2019,04,29,21,40,22,15,2,Dokumentation
2019,04,28,18,10,18,20,2,Mesh-Nodes
2019,04,28,20,45,21,45,2,Dokumentation
2019,04,26,08,25,08,50,2,Dokumentation
2019,04,26,09,05,09,50,2,Dokumentation
2019,04,26,13,00,13,30,2,Besprechungen / Sitzungen
2019,04,26,13,40,13,40,2,Dokumentation
2019,04,26,16,10,16,40,1,Mesh-Nodes
2019,04,26,16,40,18,00,2,Mesh-Nodes
2019,04,26,18,00,18,15,2,Dokumentation
2019,04,26,18,30,18,55,2,Dokumentation
2019,04,25,07,25,07,45,2,Dokumentation
2019,04,25,08,00,10,20,2,Low-Power
2019,04,25,10,20,11,25,3,Mesh-Nodes
2019,04,25,12,30,12,45,2,Dokumentation
2019,04,25,13,10,13,15,3,Besprechungen / Sitzungen
2019,04,25,13,15,16,35,2,Mesh-Nodes
2019,04,25,17,20,18,00,2,Mesh-Nodes
2019,04,25,18,10,18,40,2,Dokumentation
2019,04,25,18,45,18,55,2,Dokumentation
2019,04,25,21,25,22,25,2,Dokumentation
2019,04,24,07,55,08,15,2,Dokumentation
2019,04,24,09,30,10,00,2,Besprechungen / Sitzungen
2019,04,24,10,00,11,10,2,Besprechungen / Sitzungen
2019,04,24,17,40,18,05,2,Dokumentation
2019,04,23,07,30,07,50,3,Dokumentation
2019,04,23,08,00,11,30,2,Low-Power
2019,04,23,14,00,14,45,2,Dokumentation
2019,04,23,16,00,18,30,2,Low-Power
2019,04,23,18,40,19,05,2,Low-Power
2019,04,23,20,20,22,00,3,Low-Power
2019,04,23,22,00,23,00,3,Low-Power
2019,04,22,08,00,08,30,2,Mesh-Nodes
2019,04,22,08,30,09,00,2,Besprechungen / Sitzungen
2019,04,22,09,00,12,20,2,Mesh-Nodes
2019,04,22,13,00,15,00,2,Mesh-Nodes
2019,04,22,15,00,15,30,2,Besprechungen / Sitzungen
2019,04,22,15,30,16,00,2,Mesh-Nodes
2019,04,22,16,00,17,30,2,Mesh-Nodes
2019,04,22,17,40,18,05,2,Low-Power
2019,04,21,14,35,15,15,2,Low-Power
2019,04,21,17,15,17,45,2,Low-Power
2019,04,21,19,10,20,35,2,Low-Power
2019,04,20,09,30,11,00,2,Mesh-Nodes
2019,04,20,11,15,12,10,2,Mesh-Nodes
2019,04,20,12,15,13,00,2,Low-Power
2019,04,20,13,55,16,10,3,Low-Power
2019,04,18,08,10,08,30,2,Low-Power
2019,04,18,09,35,10,10,2,Besprechungen / Sitzungen
2019,04,18,10,10,11,00,2,Low-Power
2019,04,18,14,25,15,35,2,Low-Power
2019,04,18,15,35,15,55,2,Mesh-Nodes
2019,04,18,15,55,16,20,3,KNX
2019,04,18,16,20,17,20,2,KNX
2019,04,17,08,10,09,30,2,Mesh-Nodes
2019,04,17,09,50,11,20,2,Mesh-Nodes
2019,04,17,14,10,14,45,2,Low-Power
2019,04,16,13,15,13,35,2,Mesh-Nodes
2019,04,16,15,45,17,30,2,Mesh-Nodes
2019,04,11,08,10,08,40,2,Mesh-Nodes
2019,04,11,09,55,11,10,2,Mesh-Nodes
2019,04,11,11,10,11,30,2,Mesh-Nodes
2019,04,10,08,15,10,00,2,Mesh-Nodes
2019,04,10,10,00,11,10,2,Besprechungen / Sitzungen
2019,04,09,08,00,11,40,2,Mesh-Nodes
2019,04,08,09,40,11,50,2,Mesh-Nodes
2019,04,08,13,50,15,30,2,Mesh-Nodes
2019,04,08,15,45,17,30,2,Mesh-Nodes
2019,04,05,09,10,10,00,2,Mesh-Nodes
2019,04,05,12,40,12,50,2,Mesh-Nodes
2019,04,04,07,30,11,50,2,Mesh-Nodes
2019,04,04,13,20,15,45,2,Divers
2019,04,04,15,50,16,30,1,Mesh-Nodes
2019,04,03,08,00,09,55,2,Mesh-Nodes
2019,04,03,10,00,11,15,2,Besprechungen / Sitzungen
2019,04,03,14,00,17,00,2,Mesh-Nodes
2019,04,02,08,00,11,25,3,Mesh-Nodes
2019,04,02,12,00,13,55,2,Mesh-Nodes
2019,04,02,15,45,17,00,2,Dokumentation
2019,04,01,09,55,10,05,2,Besprechungen / Sitzungen
2019,04,01,10,05,11,55,2,Dokumentation
2019,04,01,13,25,15,50,2,Dokumentation
2019,04,01,16,50,17,05,2,Dokumentation
2019,03,31,18,30,18,45,2,Tests
2019,03,31,19,15,19,30,3,Tests
2019,03,31,20,00,21,30,3,Mesh-Nodes
2019,03,30,10,40,11,00,2,Dokumentation
2019,03,30,11,00,12,15,2,Mesh-Nodes
2019,03,30,13,40,15,30,3,Tests
2019,03,29,09,00,09,50,2,Mesh-Nodes
2019,03,29,09,50,10,00,2,Mesh-Nodes
2019,03,29,18,00,18,30,2,Mesh-Nodes
2019,03,28,08,15,09,00,2,Mesh-Nodes
2019,03,28,09,00,11,00,2,Besprechungen / Sitzungen
2019,03,28,11,00,11,25,2,Mesh-Nodes
2019,03,28,14,15,14,45,2,Mesh-Nodes
2019,03,28,14,45,15,15,2,Besprechungen / Sitzungen
2019,03,28,15,15,16,50,2,KNX
2019,03,27,08,00,09,00,2,Besprechungen / Sitzungen
2019,03,27,09,00,10,00,2,Mesh-Nodes
2019,03,27,10,00,10,45,2,Besprechungen / Sitzungen
2019,03,27,10,45,10,55,2,Mesh-Nodes
2019,03,26,08,30,09,50,1,Mesh-Nodes
2019,03,26,09,50,10,20,2,KNX
2019,03,26,10,20,11,20,2,Mesh-Nodes
2019,03,26,16,40,18,30,2,Mesh-Nodes
2019,03,25,10,00,10,30,2,Mesh-Nodes
2019,03,25,10,30,10,50,2,Besprechungen / Sitzungen
2019,03,25,10,50,11,20,2,Mesh-Nodes
2019,03,25,14,00,17,50,2,Mesh-Nodes
2019,03,24,17,30,17,40,2,Mesh-Nodes
2019,03,24,19,30,20,30,1,Mesh-Nodes
2019,03,23,09,35,11,00,2,Mesh-Nodes
2019,03,23,13,25,13,50,2,Mesh-Nodes
2019,03,22,08,30,10,00,3,Mesh-Nodes
2019,03,22,13,15,17,35,2,Mesh-Nodes
2019,03,21,08,05,08,30,2,Divers
2019,03,21,08,30,09,50,2,Mesh-Nodes
2019,03,21,10,15,11,30,2,Mesh-Nodes
2019,03,21,13,15,14,30,2,KNX
2019,03,21,14,30,17,30,2,Mesh-Nodes
2019,03,20,08,10,09,10,2,Dokumentation
2019,03,20,09,10,10,00,2,Topologie
2019,03,20,10,00,11,00,2,Besprechungen / Sitzungen
2019,03,20,11,00,11,20,2,Dokumentation
2019,03,20,13,55,16,00,2,Mesh-Nodes
2019,03,20,16,00,17,00,2,Topologie
2019,03,20,17,00,17,30,1,Dokumentation
2019,03,19,08,05,08,45,2,Besprechungen / Sitzungen
2019,03,19,09,00,09,55,2,Dokumentation
2019,03,19,10,10,11,20,2,Dokumentation
2019,03,19,15,45,16,40,3,Dokumentation
2019,03,19,16,40,18,20,3,Topologie
2019,03,19,18,20,18,30,2,Dokumentation
2019,03,18,10,00,10,20,2,Besprechungen / Sitzungen
2019,03,18,13,00,13,30,2,Dokumentation
2019,03,18,14,15,18,30,2,KNX
2019,03,16,10,40,11,20,2,Dokumentation
2019,03,16,15,15,15,30,2,Dokumentation
2019,03,16,15,45,18,10,2,Dokumentation
2019,03,14,08,15,09,20,2,Mesh-Nodes
2019,03,14,09,20,11,55,2,Dokumentation
2019,03,14,12,00,12,30,2,Dokumentation
2019,03,14,13,35,17,30,2,Dokumentation
2019,03,13,08,40,10,00,2,Dokumentation
2019,03,13,10,00,11,00,2,Besprechungen / Sitzungen
2019,03,12,08,00,11,20,2,Divers
2019,03,12,16,00,16,30,2,Dokumentation
2019,03,12,16,30,17,00,2,Topologie
2019,03,12,17,00,18,30,2,Dokumentation
2019,03,11,09,45,11,05,2,Mesh-Nodes
2019,03,11,11,20,11,50,2,Mesh-Nodes
2019,03,11,14,00,14,40,2,Mesh-Nodes
2019,03,11,15,25,17,10,2,Mesh-Nodes
2019,03,11,20,00,20,15,2,Mesh-Nodes
2019,03,10,15,25,17,20,2,Mesh-Nodes
2019,03,08,13,20,13,35,2,Besprechungen / Sitzungen
2019,03,08,13,35,16,30,2,Mesh-Nodes
2019,03,07,09,00,10,00,2,Topologie
2019,03,07,10,00,11,00,3,Topologie
2019,03,07,09,00,11,25,2,Topologie
2019,03,07,13,50,14,30,2,Topologie
2019,03,07,14,30,15,20,2,Mesh-Nodes
2019,03,07,15,20,16,40,2,Mesh-Nodes
2019,03,07,16,40,17,20,2,Topologie
2019,03,07,17,20,18,05,2,Mesh-Nodes
2019,03,06,08,30,09,00,2,Low-Power
2019,03,06,09,00,09,30,2,Besprechungen / Sitzungen
2019,03,06,09,30,09,55,2,Topologie
2019,03,06,09,55,11,00,2,Besprechungen / Sitzungen
2019,03,06,14,00,16,00,3,Topologie
2019,03,06,16,00,17,35,2,Topologie
2019,03,05,08,25,11,00,2,Topologie
2019,03,05,15,50,17,30,2,Dokumentation
2019,03,04,09,50,11,25,2,Divers
2019,03,04,14,45,17,00,2,Topologie
2019,03,03,19,20,20,35,2,Dokumentation
2019,03,02,18,30,21,45,2,Divers
2019,02,26,08,20,10,00,1,Divers
2019,02,26,10,00,11,15,2,Divers
2019,02,26,16,20,16,40,2,Divers
2019,02,26,16,40,17,35,2,Mesh-Nodes
2019,02,25,10,00,10,30,2,Besprechungen / Sitzungen
2019,02,25,10,30,11,25,2,Divers
2019,02,25,15,30,16,00,2,Divers
2019,02,24,16,00,17,45,2,Low-Power
2019,02,23,10,15,11,15,2,Low-Power
2019,02,23,11,45,12,30,2,Divers
2019,02,23,13,15,15,00,2,Divers
2019,02,22,13,45,16,10,2,Mesh-Nodes
2019,02,22,16,10,17,00,2,Low-Power
2019,02,22,17,00,17,15,2,Besprechungen / Sitzungen
2019,02,21,08,05,12,00,2,Low-Power
2019,02,21,12,35,13,30,2,Divers
2019,02,21,13,30,14,15,2,Besprechungen / Sitzungen
2019,02,21,14,15,15,40,1,Divers
2019,02,21,15,40,16,30,2,Besprechungen / Sitzungen
2019,02,21,16,30,17,10,2,Besprechungen / Sitzungen
2019,02,21,17,10,17,30,2,Divers
2019,02,20,09,00,10,00,2,Besprechungen / Sitzungen
2019,02,20,10,40,11,25,2,Divers
2019,02,20,14,20,16,30,2,Divers
2019,02,20,16,30,17,00,2,Besprechungen / Sitzungen
2019,02,19,08,30,09,00,2,Divers
2019,02,19,09,00,09,15,2,Besprechungen / Sitzungen
2019,02,19,09,15,10,30,2,Divers
2019,02,19,10,30,11,30,2,Low-Power
2019,02,19,12,00,13,50,2,Low-Power
2019,02,19,15,45,18,15,2,Low-Power
2019,02,18,09,45,10,10,2,Besprechungen / Sitzungen
2019,02,18,10,10,11,30,2,Low-Power
2019,02,18,14,15,15,00,2,Divers
2019,02,18,15,00,15,45,2,Low-Power
2019,02,18,16,00,18,00,2,Divers
2019,02,17,13,40,14,05,2,Low-Power
2019,02,17,15,45,17,25,3,Low-Power
2019,02,17,17,40,18,45,3,Low-Power
2019,02,17,20,15,21,05,3,Low-Power
2019,02,15,11,45,13,20,2,Divers
2019,02,15,15,40,15,56,2,Low-Power
2019,02,14,08,30,12,05,2,Low-Power
2019,02,14,12,45,16,00,1,Low-Power
2019,02,14,16,10,17,30,2,Low-Power
2019,02,13,08,40,09,10,2,Divers
2019,02,13,09,00,10,00,3,Low-Power
2019,02,13,10,00,11,00,2,Low-Power
2019,02,13,11,00,11,30,1,Low-Power
2019,02,13,11,30,11,55,2,Low-Power
2019,02,13,12,40,16,30,2,Low-Power
2019,02,12,08,30,09,00,3,Divers
2019,02,12,09,00,09,50,2,Dokumentation
2019,02,12,09,50,10,00,2,Low-Power
2019,02,12,10,15,12,05,2,Low-Power
2019,02,12,12,30,14,50,2,Low-Power
2019,02,12,15,05,16,30,2,Low-Power
2019,02,12,16,30,17,45,2,Besprechungen / Sitzungen
2019,02,12,17,45,18,15,2,KNX
2019,02,12,18,15,18,30,2,Divers
2019,02,11,08,00,09,15,2,Besprechungen / Sitzungen
2019,02,11,09,15,12,10,2,Divers
2019,02,11,12,50,14,00,2,Divers
2019,02,11,14,00,14,40,2,Dokumentation
2019,02,11,14,40,16,55,2,Divers
2019,02,11,08,00,09,15,3,Besprechungen / Sitzungen
2019,02,11,09,15,11,45,2,Divers
2019,02,11,13,00,15,00,1,Dokumentation
2019,02,11,15,00,17,15,3,Topologie
2019,02,11,17,30,18,05,3,Topologie
2019,02,11,19,00,20,45,3,Topologie
2019,02,11,20,45,21,10,3,Dokumentation
2019,02,12,08,45,10,45,2,Topologie
2019,02,12,10,45,11,30,1,Dokumentation
2019,02,12,12,30,14,50,1,Divers
2019,02,12,15,05,15,45,2,Mesh-Nodes
2019,02,12,15,45,16,30,2,Divers
2019,02,12,16,30,17,45,2,Besprechungen / Sitzungen
2019,02,12,17,45,18,15,3,KNX
2019,02,13,08,45,09,15,2,Divers
2019,02,13,09,15,12,00,2,KNX
2019,02,13,12,45,16,15,2,KNX
2019,02,13,17,40,17,55,3,KNX
2019,02,14,08,45,11,45,2,KNX
2019,02,14,12,50,17,15,2,KNX
2019,02,18,09,45,11,00,2,Besprechungen / Sitzungen
2019,02,18,14,15,17,00,2,Topologie
2019,02,18,17,30,18,00,3,KNX
2019,02,19,08,45,11,30,2,Divers
2019,02,19,12,40,13,55,1,Divers
2019,02,19,15,45,16,45,3,Besprechungen / Sitzungen
2019,02,19,16,45,17,15,2,Topologie
2019,02,20,08,45,10,00,3,Besprechungen / Sitzungen
2019,02,20,10,00,11,00,1,Divers
2019,02,20,14,15,17,15,1,Divers
2019,02,21,08,45,12,05,3,Divers
2019,02,21,13,10,13,30,3,Topologie
2019,02,21,13,30,16,00,2,Divers
2019,02,21,16,00,16,30,2,Topologie
2019,02,21,16,30,17,45,3,Besprechungen / Sitzungen
2019,02,22,13,45,16,10,2,Mesh-Nodes
2019,02,22,19,00,22,00,2,Topologie
2019,02,25,15,00,16,00,2,Low-Power
2019,02,26,08,50,11,05,2,Topologie
2019,03,04,09,50,11,00,2,Topologie
2019,03,04,14,05,17,00,2,Topologie
2019,03,05,08,40,10,55,2,Topologie
2019,03,05,15,50,17,45,2,Dokumentation
2019,03,06,08,40,10,00,3,Topologie
2019,03,06,10,00,11,00,2,Besprechungen / Sitzungen
2019,03,06,14,00,17,37,3,Topologie
2019,03,08,13,35,16,30,1,Mesh-Nodes
2019,03,09,12,00,13,15,2,Divers
2019,03,11,18,00,23,00,3,Topologie
2019,03,12,08,40,11,00,2,Topologie
2019,03,12,15,50,17,45,2,Topologie
2019,03,13,07,45,10,00,2,Dokumentation
2019,03,13,10,00,11,00,2,Besprechungen / Sitzungen
2019,03,16,15,00,18,10,2,Dokumentation
2019,03,17,14,00,16,15,2,Dokumentation
2019,03,18,09,45,11,15,2,KNX
2019,03,18,13,20,13,50,3,Dokumentation
2019,03,18,13,50,18,20,3,KNX
2019,03,19,07,45,11,00,2,KNX
2019,03,19,15,45,18,15,3,Topologie
2019,03,19,18,35,18,45,2,Topologie
2019,03,20,08,40,10,00,2,Topologie
2019,03,20,10,00,11,00,2,Besprechungen / Sitzungen
2019,03,20,13,45,17,20,2,Topologie
2019,03,20,17,30,18,40,3,Topologie
2019,03,20,19,45,20,50,2,Topologie
2019,03,21,07,45,10,00,2,Topologie
2019,03,21,10,00,11,20,2,Divers
2019,03,21,13,15,17,20,1,KNX
2019,03,22,13,00,17,40,2,KNX
2019,03,25,09,45,11,00,2,KNX
2019,03,25,13,40,16,15,1,KNX
2019,03,26,07,40,10,55,2,KNX
2019,03,26,16,30,17,15,2,KNX
2019,03,26,17,35,18,10,2,KNX
2019,03,27,07,45,10,00,2,KNX
2019,03,27,10,00,11,45,3,Besprechungen / Sitzungen
2019,03,28,07,45,11,00,2,Besprechungen / Sitzungen
2019,03,28,14,30,17,15,1,Dokumentation
2019,04,01,09,45,11,25,3,Dokumentation
2019,04,01,14,15,15,50,3,Dokumentation
2019,04,01,16,30,17,15,1,Dokumentation
2019,04,02,07,45,08,05,2,Dokumentation
2019,04,02,08,05,11,15,3,Mesh-Nodes
2019,04,02,12,05,13,55,2,Mesh-Nodes
2019,04,02,15,45,17,00,2,Dokumentation
2019,04,03,07,45,10,00,2,Mesh-Nodes
2019,04,03,10,00,11,15,2,Besprechungen / Sitzungen
2019,04,03,13,50,16,50,2,Mesh-Nodes
2019,04,04,07,50,10,20,2,Mesh-Nodes
2019,04,04,10,20,11,00,2,KNX
2019,04,04,11,00,11,45,1,Dokumentation
2019,04,08,09,40,11,20,2,Gateway
2019,04,08,14,15,17,20,2,Topologie
2019,04,09,07,45,11,15,2,Topologie
2019,04,10,07,45,10,00,2,Topologie
2019,04,10,10,00,11,20,2,Besprechungen / Sitzungen
2019,04,11,13,00,14,00,2,Gateway
2019,04,15,15,20,15,40,3,KNX
2019,04,15,15,40,17,20,3,Gateway
2019,04,16,08,35,12,00,2,Gateway
2019,04,16,15,45,17,20,2,Gateway
2019,04,17,08,35,11,00,2,KNX
2019,04,17,14,00,14,30,2,Mesh-Nodes
2019,04,18,09,00,09,30,1,Mesh-Nodes
2019,04,18,14,15,17,15,2,Mesh-Nodes
2019,04,21,10,30,11,40,2,Divers
2019,04,21,22,50,23,35,2,Divers
2019,04,22,08,15,10,30,2,Mesh-Nodes
2019,04,22,10,30,12,20,2,Divers
2019,04,22,13,00,17,15,2,Divers
2019,04,23,08,45,11,20,2,Mesh-Nodes
2019,04,23,14,50,18,20,2,Mesh-Nodes
2019,04,24,08,15,08,45,2,Divers
2019,04,24,09,10,10,00,2,Besprechungen / Sitzungen
2019,04,24,10,00,11,10,2,Besprechungen / Sitzungen
2019,04,25,08,45,10,25,3,KNX
2019,04,25,10,25,11,25,2,Mesh-Nodes
2019,04,25,13,30,15,15,2,Mesh-Nodes
2019,04,25,15,15,17,15,2,KNX
2019,04,26,13,00,13,35,2,Besprechungen / Sitzungen
2019,04,27,19,50,21,10,2,Mesh-Nodes
2019,04,28,17,20,21,05,3,Low-Power
2019,04,28,21,30,22,10,3,Mesh-Nodes
2019,04,29,09,50,11,10,2,Mesh-Nodes
2019,04,29,14,00,16,30,2,Mesh-Nodes
2019,04,29,16,30,17,15,1,Dokumentation
2019,04,30,07,45,09,00,3,Besprechungen / Sitzungen
2019,04,30,09,00,11,20,2,Dokumentation
2019,04,30,12,30,14,00,2,Dokumentation
2019,04,30,16,00,17,15,1,Dokumentation
2019,05,01,15,15,18,15,3,Dokumentation
2019,05,03,13,00,17,05,2,Mesh-Nodes
2019,05,06,09,45,11,20,2,Divers
2019,05,06,13,30,17,50,1,Divers
2019,05,07,08,45,11,20,2,Divers
2019,05,07,15,50,17,50,2,KNX
2019,05,08,07,45,10,00,2,Besprechungen / Sitzungen
2019,05,08,10,00,11,10,2,Besprechungen / Sitzungen
2019,05,09,15,00,15,45,2,KNX
2019,05,10,12,45,20,45,2,Tests
2019,05,12,17,00,18,30,3,Dokumentation
2019,05,12,19,30,21,30,3,Dokumentation
2019,05,12,07,45,11,00,2,Dokumentation
2019,05,12,15,55,17,45,2,Dokumentation
2019,05,15,07,45,10,00,2,Besprechungen / Sitzungen
2019,05,15,10,00,11,00,2,Besprechungen / Sitzungen
2019,05,15,14,00,17,20,2,Dokumentation
2019,05,16,07,45,11,00,2,Dokumentation
2019,05,16,13,00,17,20,2,Dokumentation
2019,05,17,13,30,16,00,2,Dokumentation
2019,05,19,16,50,18,30,2,Dokumentation
2019,05,20,07,45,11,10,2,Dokumentation
2019,05,20,15,00,17,20,2,Dokumentation
2019,05,21,07,45,11,00,2,Dokumentation
2019,05,21,16,00,17,20,2,Dokumentation
2019,05,27,07,45,11,20,2,Dokumentation
2019,05,27,12,40,17,50,2,Dokumentation
2019,05,27,18,00,18,30,2,Dokumentation
2019,05,28,06,55,07,30,2,Dokumentation
2019,05,28,07,45,11,20,2,Dokumentation
2019,05,28,12,30,13,10,2,Dokumentation
2019,05,28,13,10,14,30,3,Besprechungen / Sitzungen
2019,05,28,14,45,18,50,2,Dokumentation
2019,05,29,07,45,10,00,2,Dokumentation
2019,05,29,10,00,11,20,2,Besprechungen / Sitzungen
2019,05,29,12,00,16,45,2,Dokumentation
2019,05,30,09,15,11,20,2,Dokumentation
2019,05,30,12,10,16,45,2,Dokumentation
2019,05,31,09,15,12,20,2,Dokumentation
2019,05,31,13,40,16,50,2,Dokumentation
2019,06,02,10,00,12,00,2,Dokumentation
2019,06,02,13,30,16,00,2,Dokumentation
2019,06,02,18,00,19,00,2,Dokumentation
2019,06,03,07,45,11,40,2,Dokumentation
2019,06,03,12,45,18,50,2,Dokumentation
2019,06,04,08,00,12,00,2,Dokumentation
2019,06,04,13,00,17,00,2,Dokumentation
2019,06,05,08,00,12,00,2,Dokumentation
2019,06,05,13,00,17,00,2,Dokumentation
2019,06,06,08,00,12,00,2,Dokumentation
